{"mean":{"confidence_interval":{"confidence_level":0.95,"lower_bound":2053771.16,"upper_bound":2077187.04},"point_estimate":2064761.48,"standard_error":5995.171390098761},"median":{"confidence_interval":{"confidence_level":0.95,"lower_bound":2035780.0,"upper_bound":2046924.0},"point_estimate":2042086.0,"standard_error":2678.55244847537},"median_abs_dev":{"confidence_interval":{"confidence_level":0.95,"lower_bound":12747.32044368983,"upper_bound":25322.807550430298},"point_estimate":17708.174085617065,"standard_error":3277.366875002411},"slope":null,"std_dev":{"confidence_interval":{"confidence_level":0.95,"lower_bound":41760.184656970116,"upper_bound":76023.35829933225},"point_estimate":60309.31571280733,"standard_error":8756.743448786277}}